2025/01/23 16:52:37,0
2025/01/24 09:54:07,2
2025/01/24 13:17:26,5
2025/01/24 13:56:58,21
2025/01/25 10:29:35,3669
2025/01/25 21:57:34,21
2025/01/28 14:29:14,22
2025/02/01 19:05:32,39
2025/02/02 15:02:18,81
2025/02/09 14:55:11,99
2025/02/18 11:26:45,108
2025/02/18 17:22:33,109
2025/02/19 10:41:11,110
2025/02/19 15:25:45,116
2025/02/20 21:57:11,117
2025/02/21 15:01:18,118
2025/02/24 15:42:02,119
2025/02/25 14:34:21,126
2025/03/05 00:51:41,148
2025/03/05 16:23:40,151
2025/03/09 13:50:55,153
2025/03/09 22:04:15,163
2025/03/10 15:15:21,171
2025/05/15 19:09:47,183
