2025/01/23 16:52:37,5
2025/01/24 09:54:07,6
2025/01/24 12:52:31,7
2025/01/24 15:31:16,8
2025/01/24 17:21:14,9
2025/01/25 08:49:38,11
2025/01/25 10:29:35,898
2025/01/25 21:57:34,14
2025/01/27 10:42:24,20
2025/01/28 14:29:14,29
2025/01/28 07:00:20,30
2025/01/28 15:27:00,32
2025/01/30 11:12:05,34
2025/01/30 15:45:06,35
2025/01/31 20:05:44,38
2025/02/01 19:05:32,40
2025/02/01 19:35:30,41
2025/02/02 15:02:18,48
2025/02/09 14:55:11,57
2025/02/09 15:55:09,59
2025/02/09 16:10:39,63
2025/02/09 16:13:46,65
2025/02/09 19:12:48,76
2025/02/09 19:42:44,77
2025/02/10 15:37:35,93
2025/02/10 18:00:34,95
2025/02/10 18:46:39,97
2025/02/10 19:16:28,98
2025/02/10 19:26:35,99
2025/02/12 10:32:08,153
2025/02/15 09:44:46,164
2025/02/16 14:39:04,169
2025/02/16 22:55:23,170
2025/02/17 13:06:58,173
2025/02/17 20:31:31,176
2025/02/18 11:26:45,191
2025/02/18 17:22:33,200
2025/02/19 10:41:11,221
2025/02/19 15:25:45,228
2025/02/19 15:37:44,229
2025/02/19 22:04:17,237
2025/02/20 21:57:11,251
2025/02/21 15:01:18,266
2025/02/21 16:01:14,267
2025/02/21 16:11:14,269
2025/02/21 20:35:22,270
2025/02/22 13:32:44,283
2025/02/22 13:57:41,284
2025/02/22 14:17:37,285
2025/02/22 14:37:37,286
2025/02/22 17:47:37,287
2025/02/24 15:03:59,290
2025/02/24 15:13:59,291
2025/02/24 15:42:02,292
2025/02/25 14:34:21,307
2025/03/05 00:51:41,368
2025/03/05 13:38:39,379
2025/03/05 16:23:40,383
2025/03/06 14:17:47,405
2025/03/06 15:06:14,406
2025/03/09 13:50:55,418
2025/03/09 22:04:15,422
2025/03/10 15:15:21,431
2025/03/10 17:02:38,433
2025/05/15 19:09:47,481
