2025/05/16 13:09:59,5
2025/05/16 13:30:23,12
2025/05/17 20:20:27,111
2025/05/17 21:27:55,116
2025/05/18 17:40:46,124
2025/05/18 18:00:41,126
2025/05/19 03:03:28,132
2025/05/19 03:13:26,134
2025/05/19 03:23:03,136
2025/05/20 14:31:43,138
2025/05/22 00:16:00,146
2025/05/22 00:55:58,149
2025/05/22 02:55:58,151
2025/05/28 23:08:52,163
2025/05/29 19:48:37,166
2025/06/06 19:41:24,169
2025/06/10 03:06:59,170
2025/06/12 21:01:39,171
2025/06/15 01:04:08,172
2025/06/16 15:36:21,173
2025/06/19 20:14:28,182
2025/06/19 20:17:26,262
2025/06/27 23:17:20,364
