2025/05/16 13:09:59,3
2025/05/16 13:30:23,4
2025/05/16 16:09:13,5
2025/05/16 17:38:33,6
2025/05/17 20:20:27,20
2025/05/17 21:27:55,22
2025/05/17 21:48:40,23
2025/05/18 17:40:46,41
2025/05/18 18:40:41,42
2025/05/19 03:03:28,56
2025/05/19 14:28:41,61
2025/05/19 14:58:39,62
2025/05/19 15:48:39,63
2025/05/19 16:08:39,64
2025/05/19 16:38:39,65
2025/05/19 16:58:39,66
2025/05/19 17:22:24,67
2025/05/19 17:48:39,68
2025/05/19 18:39:02,69
2025/05/19 19:09:27,70
2025/05/19 19:29:25,71
2025/05/19 19:39:25,72
2025/05/19 19:49:25,73
2025/05/19 20:09:25,74
2025/05/20 14:31:43,90
2025/05/20 20:17:45,105
2025/05/22 00:16:00,131
2025/05/22 00:45:58,132
2025/05/22 00:55:58,133
2025/05/22 01:55:58,134
2025/05/22 02:55:58,135
2025/05/28 23:08:52,204
2025/05/29 19:48:37,212
2025/05/31 00:00:08,222
2025/05/31 00:12:14,223
2025/05/31 01:57:35,225
2025/06/06 19:41:24,274
2025/06/10 03:06:59,307
2025/06/12 21:01:39,332
2025/06/15 01:04:08,345
2025/06/16 15:36:21,351
2025/06/16 21:29:02,363
2025/06/17 18:54:08,370
2025/06/18 11:58:34,375
2025/06/19 20:14:28,386
2025/06/27 23:17:20,449
