2025/05/17 20:20:27,3
2025/05/18 17:40:46,6
2025/05/18 18:00:41,7
2025/05/19 03:03:28,10
2025/05/19 03:23:03,11
2025/05/19 15:08:39,12
2025/05/19 16:58:39,13
2025/05/19 18:39:02,14
2025/05/19 19:59:25,15
2025/05/20 14:31:43,17
2025/05/20 20:17:45,19
2025/05/22 00:16:00,22
2025/05/22 00:25:58,23
2025/05/22 02:15:58,24
2025/05/28 23:08:52,42
2025/05/29 19:48:37,44
2025/05/31 00:00:08,45
2025/05/31 01:57:35,46
2025/06/06 19:41:24,56
2025/06/10 03:06:59,63
2025/06/12 21:01:39,69
2025/06/15 01:04:08,73
2025/06/16 15:36:21,74
2025/06/16 21:29:02,75
2025/06/17 18:54:08,77
2025/06/18 11:58:34,79
2025/06/19 20:17:26,82
