2024/11/12 15:10:46,1
2024/11/12 23:42:44,2
2024/11/13 00:42:44,3
2024/11/13 01:42:44,4
2024/11/13 11:11:23,5
2024/11/13 13:11:17,6
2024/11/13 18:23:26,7
2024/11/13 19:13:24,8
2024/11/13 20:58:04,9
2024/11/14 00:37:35,13
2024/11/14 02:46:30,14
2024/11/15 00:33:49,19
2024/11/15 13:09:57,21
2024/11/15 14:24:06,22
2024/11/16 02:35:21,27
2024/11/16 11:41:14,28
2024/11/16 12:11:35,29
2024/11/16 14:06:38,30
2024/11/16 14:40:44,31
2024/11/16 17:27:58,33
2024/11/16 19:46:19,34
2024/11/16 20:06:17,35
2024/11/16 21:06:16,36
2024/11/16 22:06:16,37
2024/11/16 23:06:16,38
2024/11/17 01:22:42,40
2024/11/17 02:52:48,41
2024/11/17 14:38:51,43
2024/11/17 22:32:41,47
2024/11/18 18:45:51,52
2024/11/19 18:52:12,59
2024/11/20 00:00:15,62
2024/11/20 11:21:13,65
2024/11/20 12:38:57,66
2024/11/20 20:15:33,70
2024/11/20 20:25:30,71
2024/11/21 16:19:40,76
2024/11/21 20:12:10,77
2024/11/21 21:24:28,78
2024/11/22 02:16:45,82
2024/11/22 03:13:48,83
2024/11/22 09:03:48,85
2024/11/22 11:20:39,87
2024/11/22 12:28:34,88
2024/11/22 13:28:34,89
2024/11/22 14:25:06,90
2024/11/22 15:25:06,91
2024/11/22 17:59:20,92
2024/11/22 18:59:20,93
2024/11/22 20:19:20,94
2024/11/22 21:39:20,95
2024/11/22 22:39:20,96
2024/11/23 02:28:27,97
2024/11/23 13:40:40,98
2024/11/23 16:15:20,100
2024/11/23 18:28:10,101
2024/11/23 18:58:08,102
2024/11/23 19:48:08,103
2024/11/23 20:48:08,104
2024/11/23 21:48:08,105
2024/11/23 22:48:08,106
2024/11/23 23:48:08,107
2024/11/24 00:48:08,108
2024/11/25 13:15:39,116
2024/11/25 16:18:11,118
2024/11/25 16:28:09,119
2024/11/25 22:32:09,122
2024/11/25 22:57:42,123
2024/11/26 13:51:34,128
2024/11/26 15:39:32,129
2024/11/27 11:49:36,135
2024/11/28 14:35:53,141
2024/11/28 18:15:47,142
2024/11/29 00:40:34,147
2024/11/29 16:12:11,152
2024/11/29 17:42:52,153
2024/12/01 21:06:14,164
2024/12/01 21:26:14,165
2024/12/02 19:37:56,168
2024/12/04 15:48:40,177
2024/12/04 16:08:40,178
2024/12/11 21:55:19,245
2024/12/11 22:05:19,246
2024/12/11 23:05:19,247
2024/12/12 00:05:19,248
2024/12/12 01:05:19,249
2024/12/12 02:05:19,250
2024/12/12 14:43:58,252
2024/12/12 23:36:13,256
2024/12/18 23:49:51,290
2024/12/20 02:53:15,297
2024/12/20 12:04:44,301
2024/12/20 18:45:24,304
2024/12/20 19:05:24,305
2024/12/21 15:34:18,309
2024/12/22 22:58:44,315
2024/12/23 22:31:14,316
2024/12/23 23:31:14,317
2024/12/24 21:35:24,318
2024/12/24 22:05:24,319
2024/12/27 19:30:57,331
2024/12/27 19:50:57,332
2024/12/29 00:31:19,334
2024/12/29 19:54:49,336
2024/12/30 22:27:39,338
2025/01/04 19:46:58,350
2025/01/06 03:54:24,352
2025/01/10 23:43:16,363
2025/01/11 14:42:26,364
2025/01/12 15:46:27,367
2025/01/12 17:43:05,368
2025/01/13 20:49:15,369
2025/01/18 19:54:15,407
2025/01/27 22:10:24,472
2025/01/27 22:50:24,473
2025/01/28 09:44:03,483
2025/01/28 09:54:03,484
2025/01/28 10:54:03,485
2025/02/01 19:47:12,507
2025/02/01 19:52:21,508
2025/02/06 10:01:47,545
2025/02/06 11:14:22,546
2025/02/06 12:14:22,547
2025/02/06 13:14:22,548
2025/02/06 15:36:48,549
2025/02/08 09:21:33,553
2025/02/08 09:51:33,554
2025/02/09 21:12:44,561
2025/02/09 22:08:08,562
2025/02/10 15:47:32,569
2025/02/10 16:07:32,570
2025/02/10 17:07:32,571
2025/02/10 18:56:35,572
2025/02/10 19:06:35,573
2025/02/12 10:41:29,589
2025/02/12 11:01:29,590
2025/02/16 15:09:02,608
2025/02/16 16:09:02,609
2025/02/16 16:59:02,610
2025/02/16 17:59:02,611
2025/02/16 18:59:02,612
2025/02/16 20:35:34,613
2025/02/16 21:05:34,614
2025/02/16 22:05:34,615
2025/02/16 23:05:20,616
2025/02/17 20:41:29,624
2025/02/18 17:32:28,629
2025/02/18 22:32:41,633
2025/02/20 22:07:06,644
2025/02/21 20:45:17,648
2025/02/22 14:07:07,650
2025/02/22 14:37:37,651
2025/02/22 15:37:37,652
2025/02/22 16:37:37,653
2025/02/22 17:37:37,654
2025/02/24 00:25:20,668
2025/02/24 00:45:20,669
2025/02/24 18:02:32,670
2025/02/24 19:02:32,671
2025/02/24 20:02:32,672
2025/02/24 21:02:32,673
2025/02/24 22:02:32,674
2025/02/24 23:02:32,675
2025/02/25 19:49:07,680
2025/02/25 20:29:07,681
2025/03/09 22:14:10,780
2025/03/09 22:34:10,781
2025/03/13 16:37:59,799
2025/03/13 17:45:00,800
2025/03/20 15:18:39,837
2025/03/20 15:56:01,838
2025/03/20 16:56:01,839
2025/05/27 21:45:11,926
