2024/11/12 12:27:01,4
2024/11/12 13:53:29,6
2024/11/12 14:52:22,7
2024/11/12 15:10:46,9
2024/11/12 23:02:46,12
2024/11/13 05:03:17,13
2024/11/13 07:35:30,14
2024/11/13 11:11:23,15
2024/11/13 12:10:35,16
2024/11/13 18:23:26,19
2024/11/14 01:14:52,22
2024/11/14 02:46:30,24
2024/11/14 15:17:44,26
2024/11/15 00:33:49,37
2024/11/15 13:09:57,44
2024/11/16 02:35:21,60
2024/11/16 11:41:14,62
2024/11/16 17:27:58,69
2024/11/16 19:46:19,72
2024/11/16 20:06:17,73
2024/11/16 20:36:17,74
2024/11/16 20:56:17,75
2024/11/16 21:16:17,76
2024/11/17 01:22:42,77
2024/11/17 14:38:51,80
2024/11/17 22:32:41,93
2024/11/18 18:45:51,112
2024/11/19 18:52:12,134
2024/11/20 00:00:15,139
2024/11/20 11:21:13,146
2024/11/20 12:01:11,147
2024/11/20 12:18:58,148
2024/11/20 12:38:57,149
2024/11/20 20:15:33,160
2024/11/21 16:19:40,174
2024/11/21 20:12:10,186
2024/11/21 21:21:29,188
2024/11/22 02:16:45,189
2024/11/22 09:03:48,197
2024/11/22 11:20:39,216
2024/11/22 11:53:02,217
2024/11/22 12:18:34,218
2024/11/22 12:28:34,219
2024/11/22 15:15:06,220
2024/11/22 17:39:21,221
2024/11/22 18:49:20,222
2024/11/22 19:19:20,223
2024/11/22 21:09:20,224
2024/11/22 21:59:20,225
2024/11/22 22:19:20,226
2024/11/23 02:28:27,231
2024/11/23 13:40:40,233
2024/11/23 13:50:40,234
2024/11/23 16:15:20,248
2024/11/23 17:02:10,249
2024/11/23 18:48:08,250
2024/11/23 19:18:08,251
2024/11/23 19:38:08,252
2024/11/23 20:08:08,253
2024/11/23 20:28:08,254
2024/11/23 20:48:08,255
2024/11/23 21:08:08,256
2024/11/23 21:28:08,257
2024/11/23 21:58:08,258
2024/11/23 22:18:08,259
2024/11/23 22:38:08,260
2024/11/23 22:58:08,261
2024/11/23 23:18:08,262
2024/11/23 23:38:08,263
2024/11/24 00:08:08,264
2024/11/24 00:38:08,265
2024/11/24 00:58:08,266
2024/11/24 01:18:08,267
2024/11/25 13:15:39,288
2024/11/25 16:18:11,291
2024/11/25 16:48:09,292
2024/11/25 22:32:09,303
2024/11/26 10:24:55,312
2024/11/26 13:48:27,314
2024/11/26 15:35:15,321
2024/11/27 00:55:13,340
2024/11/27 11:39:39,346
2024/11/27 12:46:47,347
2024/11/28 14:25:55,368
2024/11/28 14:56:28,369
2024/11/28 18:05:15,377
2024/11/29 00:30:36,386
2024/11/29 00:40:34,387
2024/11/29 16:06:49,392
2024/11/29 17:32:55,394
2024/11/29 17:52:53,395
2024/11/30 07:34:52,411
2024/11/30 10:38:30,415
2024/12/01 20:56:17,437
2024/12/02 01:13:01,441
2024/12/02 17:55:53,445
2024/12/02 19:06:38,450
2024/12/02 19:37:56,451
2024/12/02 23:38:35,455
2024/12/04 15:38:43,494
2024/12/05 02:26:24,504
2024/12/05 13:05:59,505
2024/12/06 15:51:49,529
2024/12/08 21:35:17,550
2024/12/09 17:31:14,563
2024/12/09 18:32:09,565
2024/12/10 15:50:07,590
2024/12/11 12:35:01,601
2024/12/11 21:45:22,609
2024/12/12 02:53:05,610
2024/12/12 14:38:33,611
2024/12/12 23:26:15,619
2024/12/12 23:46:13,620
2024/12/13 00:06:13,621
2024/12/13 00:26:13,622
2024/12/13 23:19:58,640
2024/12/14 21:47:00,651
2024/12/15 01:55:58,654
2024/12/15 13:30:31,655
2024/12/15 18:35:40,658
2024/12/16 02:59:45,664
2024/12/18 18:18:15,693
2024/12/18 23:44:01,699
2024/12/19 00:06:04,700
2024/12/20 02:27:40,722
2024/12/20 02:44:35,723
2024/12/20 11:54:46,725
2024/12/20 12:24:44,726
2024/12/20 18:35:27,732
2024/12/20 18:55:24,733
2024/12/20 19:15:25,734
2024/12/21 13:48:55,742
2024/12/21 15:24:21,744
2024/12/22 18:27:36,761
2024/12/22 21:26:35,763
2024/12/23 22:11:17,764
2024/12/23 23:41:15,765
2024/12/24 00:01:15,766
2024/12/24 00:42:26,768
2024/12/24 21:25:26,773
2024/12/26 22:51:00,786
2024/12/27 19:09:13,796
2024/12/27 19:20:59,797
2024/12/29 00:27:41,800
2024/12/29 19:49:00,803
2024/12/29 20:27:18,805
2024/12/30 22:19:14,806
2025/01/01 01:38:24,814
2025/01/01 19:52:29,815
2025/01/01 20:32:35,816
2025/01/01 23:18:11,817
2025/01/04 19:41:15,832
2025/01/06 03:49:35,835
2025/01/08 19:45:13,843
2025/01/09 18:28:37,846
2025/01/10 23:33:19,864
2025/01/10 23:53:16,865
2025/01/11 14:18:18,866
2025/01/11 14:38:16,867
2025/01/11 15:38:49,870
2025/01/11 15:58:46,871
2025/01/11 16:08:47,872
2025/01/11 16:28:46,873
2025/01/12 15:36:29,878
2025/01/12 17:38:55,880
2025/01/13 19:59:17,881
2025/01/18 19:49:54,888
2025/01/22 02:36:13,894
2025/01/24 21:20:54,897
2025/01/27 22:00:26,906
2025/01/31 22:58:15,927
2025/02/01 19:42:24,929
2025/02/06 09:57:25,948
2025/02/06 10:44:25,949
2025/02/06 14:46:50,950
2025/02/07 09:34:12,953
2025/02/08 09:11:35,958
2025/02/08 17:22:56,959
2025/02/09 21:09:06,968
2025/02/10 15:37:35,969
2025/02/12 10:31:31,971
2025/02/16 15:03:48,976
2025/02/17 13:06:58,978
2025/02/17 20:31:31,982
2025/02/18 17:22:33,988
2025/02/18 22:26:51,992
2025/02/19 15:45:40,993
2025/02/19 22:04:17,994
2025/02/20 21:57:11,1000
2025/02/21 20:35:22,1001
2025/02/22 13:32:44,1005
2025/02/24 00:15:23,1017
2025/02/24 17:40:48,1018
2025/02/25 19:39:10,1019
2025/02/28 21:57:32,1050
2025/03/09 13:50:55,1067
2025/03/09 22:04:15,1068
2025/03/10 17:02:38,1069
2025/03/13 16:02:13,1073
2025/03/13 16:33:13,1075
2025/03/13 17:37:41,1077
2025/03/19 13:15:21,1085
2025/03/20 15:16:04,1088
2025/03/23 12:39:36,1091
2025/03/29 20:45:56,1098
2025/03/31 01:36:28,1102
2025/04/08 14:44:30,1123
2025/04/29 16:50:13,1142
2025/05/22 00:01:25,1249
2025/05/27 21:35:13,1252
2025/06/01 20:55:30,1282
