2024/11/10 21:50:30,13055
2024/11/12 12:27:01,13062
2024/11/13 18:23:26,13111
2024/11/16 14:40:44,13112
2024/11/17 22:32:41,13117
2024/11/21 20:12:10,13119
2024/11/25 13:15:39,13149
2024/11/28 14:25:55,13150
2024/11/30 07:34:52,13186
2024/11/30 10:38:30,13187
2024/12/01 20:56:17,13196
2024/12/05 02:26:24,13197
2024/12/10 15:50:07,13229
2024/12/12 14:38:33,13245
2024/12/13 23:19:58,13265
2024/12/18 18:18:15,13636
2024/12/20 00:01:16,13637
2024/12/27 19:09:13,13640
2025/01/09 18:28:37,13653
2025/01/10 23:33:19,13654
2025/01/13 19:59:17,13669
2025/01/18 19:49:54,13974
2025/01/22 02:36:13,13983
2025/01/23 16:52:37,13984
2025/01/24 09:54:07,13986
2025/01/25 21:57:34,13990
2025/01/27 10:42:24,13991
2025/01/30 15:43:21,13997
2025/01/31 20:05:44,13998
2025/01/31 22:58:15,14034
2025/02/06 09:57:24,14035
2025/02/08 09:11:35,14048
2025/02/12 10:31:31,14050
2025/02/15 09:44:46,14133
2025/02/18 17:22:33,14135
2025/02/18 22:26:51,14140
2025/02/20 21:57:11,14169
2025/02/21 15:01:18,14170
2025/02/24 00:15:23,14184
2025/02/28 21:57:32,14194
2025/03/09 13:50:55,14196
2025/03/13 12:41:36,14219
2025/03/13 17:37:41,14237
2025/03/19 12:16:09,14238
2025/03/19 20:51:24,14258
2025/03/28 21:34:23,14262
2025/03/30 14:37:07,14306
2025/04/02 22:11:02,14308
2025/04/04 18:47:54,14309
2025/04/07 18:44:29,14311
2025/04/08 14:44:30,14315
2025/04/10 01:21:03,14332
2025/04/13 02:29:48,14333
2025/04/14 02:14:21,14364
2025/04/18 13:22:08,14366
2025/04/21 19:37:57,14367
2025/04/26 02:48:00,14380
2025/04/29 16:21:08,14381
2025/05/05 12:57:47,14464
2025/05/09 14:53:44,14465
2025/05/10 13:13:27,14466
2025/05/15 19:09:47,14483
2025/05/22 00:01:25,14485
2025/05/26 13:18:09,14585
2025/05/26 19:59:36,14590
