2024/11/10 21:50:30,5655
2024/11/11 12:42:25,5657
2024/11/12 12:27:01,5668
2024/11/12 13:53:29,5669
2024/11/12 14:51:34,5670
2024/11/12 15:10:46,5671
2024/11/12 16:37:06,5672
2024/11/12 23:02:46,5675
2024/11/13 07:35:29,5677
2024/11/13 12:10:35,5679
2024/11/13 18:23:26,5683
2024/11/14 01:14:52,5685
2024/11/14 15:17:44,5687
2024/11/15 00:33:49,5690
2024/11/15 13:09:57,5693
2024/11/16 02:35:21,5697
2024/11/16 11:41:14,5699
2024/11/16 17:27:58,5700
2024/11/17 14:38:51,5702
2024/11/18 18:45:51,5705
2024/11/19 18:52:12,5722
2024/11/20 00:00:15,5735
2024/11/20 11:21:13,5737
2024/11/20 12:28:57,5738
2024/11/20 20:15:33,5746
2024/11/21 16:19:40,5750
2024/11/21 20:12:10,5754
2024/11/21 21:21:29,5755
2024/11/22 02:16:45,5759
2024/11/22 03:13:48,5764
2024/11/22 09:03:48,5772
2024/11/22 11:20:39,5781
2024/11/22 12:08:34,5782
2024/11/22 17:49:20,5783
2024/11/23 06:05:08,5784
2024/11/23 13:30:41,5785
2024/11/23 16:15:20,5789
2024/11/23 17:02:09,5790
2024/11/23 23:54:30,5791
2024/11/25 13:15:39,5801
2024/11/25 16:18:11,5802
2024/11/25 22:32:09,5808
2024/11/26 10:24:55,5831
2024/11/26 13:48:27,5833
2024/11/26 15:35:15,5835
2024/11/27 00:55:13,5840
2024/11/27 11:39:39,5843
2024/11/27 12:59:54,5844
2024/11/28 14:25:55,5853
2024/11/28 18:05:15,5854
2024/11/29 00:30:36,5855
2024/11/29 16:06:49,5858
2024/11/30 07:34:52,5864
2024/11/30 10:38:30,5867
2024/12/01 20:56:17,5880
2024/12/02 01:13:01,5885
2024/12/02 17:37:10,5889
2024/12/02 17:53:44,5890
2024/12/02 19:06:38,5892
2024/12/02 19:37:55,5893
2024/12/02 23:38:35,5894
2024/12/04 15:38:43,5907
2024/12/05 02:26:24,5910
2024/12/05 13:05:59,5911
2024/12/06 15:51:49,5917
2024/12/08 21:35:17,5921
2024/12/09 17:31:14,5924
2024/12/09 18:32:09,5925
2024/12/10 15:50:07,5934
2024/12/11 12:35:01,5941
2024/12/11 21:45:22,5943
2024/12/12 14:38:33,5946
2024/12/12 23:26:15,5948
2024/12/13 23:19:58,5949
2024/12/14 21:47:00,5953
2024/12/15 13:30:31,5954
2024/12/18 18:18:15,5967
2024/12/18 23:44:01,5969
2024/12/20 00:01:16,5974
2024/12/20 11:54:46,5975
2024/12/21 13:48:55,5977
2024/12/22 18:27:36,5978
2024/12/22 21:26:35,5980
2024/12/23 22:11:17,5986
2024/12/24 21:25:26,5993
2024/12/26 22:51:00,5999
2024/12/27 02:20:27,6000
2024/12/27 19:09:13,6004
2024/12/29 00:27:40,6007
2024/12/29 19:49:00,6008
2024/12/30 22:19:14,6013
2024/12/31 13:05:03,6016
2025/01/01 01:38:24,6021
2025/01/01 19:52:29,6022
2025/01/03 15:35:54,6029
2025/01/04 19:41:15,6031
2025/01/06 03:49:35,6032
2025/01/07 19:11:08,6035
2025/01/08 19:45:13,6037
2025/01/09 18:28:37,6040
2025/01/10 23:33:19,6041
2025/01/11 14:18:18,6042
2025/01/12 15:36:29,6045
2025/01/13 19:59:17,6047
2025/01/18 19:49:54,6057
2025/01/22 02:36:13,6070
2025/01/23 16:52:37,6072
2025/01/23 18:30:34,6073
2025/01/24 09:54:07,6075
2025/01/24 18:16:44,6076
2025/01/25 08:49:38,6077
2025/01/25 21:57:34,6082
2025/01/26 09:49:24,6084
2025/01/27 10:42:24,6086
2025/01/27 16:52:27,6087
2025/01/27 22:00:26,6088
2025/01/28 09:34:05,6089
2025/01/28 14:29:14,6093
2025/01/28 07:00:20,6095
2025/01/28 15:27:00,6097
2025/01/30 11:12:05,6110
2025/01/30 15:43:21,6113
2025/01/30 22:13:57,6114
2025/01/31 20:05:44,6118
2025/01/31 22:58:15,6122
2025/02/01 19:05:32,6123
2025/02/02 15:02:18,6130
2025/02/06 09:57:24,6150
2025/02/07 09:34:12,6154
2025/02/08 09:11:35,6159
2025/02/08 10:43:10,6160
2025/02/08 10:47:35,6163
2025/02/08 10:55:13,6165
2025/02/08 17:22:56,6166
2025/02/09 14:55:11,6170
2025/02/10 15:37:35,6175
2025/02/10 18:00:34,6176
2025/02/10 18:46:39,6177
2025/02/12 10:31:31,6181
2025/02/15 09:44:46,6200
2025/02/16 14:39:04,6202
2025/02/17 13:06:58,6205
2025/02/17 20:31:31,6209
2025/02/18 11:26:45,6220
2025/02/18 17:22:33,6229
2025/02/18 22:26:51,6233
2025/02/19 10:41:11,6235
2025/02/19 15:25:45,6239
2025/02/19 22:04:17,6241
2025/02/20 21:57:11,6250
2025/02/21 15:01:18,6255
2025/02/22 13:32:44,6257
2025/02/24 00:15:23,6263
2025/02/24 01:11:45,6264
2025/02/24 12:23:26,6265
2025/02/24 13:05:57,6266
2025/02/24 15:03:59,6267
2025/02/24 17:12:32,6268
2025/02/25 14:34:21,6272
2025/02/25 19:39:10,6273
2025/02/28 21:57:32,6296
2025/03/05 00:51:41,6307
2025/03/05 13:38:39,6310
2025/03/05 16:23:40,6311
2025/03/06 14:17:47,6315
2025/03/09 13:50:55,6323
2025/03/10 15:15:21,6326
2025/03/10 17:02:38,6327
2025/03/13 12:41:36,6340
2025/03/13 16:33:13,6341
2025/03/16 19:54:17,6347
2025/03/17 11:56:26,6348
2025/03/19 12:16:09,6359
2025/03/19 13:15:21,6360
2025/03/19 13:33:34,6361
2025/03/19 14:08:37,6362
2025/03/19 15:00:13,6363
2025/03/19 20:51:24,6369
2025/03/20 15:16:04,6372
2025/03/22 01:17:29,6373
2025/03/23 11:54:07,6375
2025/03/24 13:00:20,6376
2025/03/24 17:01:23,6378
2025/03/25 10:20:21,6379
2025/03/25 12:26:43,6380
2025/03/25 21:55:10,6381
2025/03/26 14:15:18,6382
2025/03/28 21:34:23,6394
2025/03/29 19:50:06,6395
2025/03/30 02:04:06,6399
2025/03/30 03:17:18,6401
2025/03/30 14:37:07,6404
2025/03/30 22:31:01,6409
2025/03/31 18:16:45,6414
2025/04/01 19:24:11,6416
2025/04/01 22:55:33,6419
2025/04/02 13:22:16,6420
2025/04/02 14:40:06,6421
2025/04/02 17:08:03,6422
2025/04/02 22:11:02,6425
2025/04/03 11:05:13,6426
2025/04/04 18:47:54,6435
2025/04/07 18:44:29,6451
2025/04/08 14:44:30,6459
2025/04/10 01:21:03,6474
2025/04/13 02:29:48,6479
2025/04/14 02:14:21,6483
2025/04/15 19:18:54,6488
2025/04/18 13:22:08,6499
2025/04/21 19:37:57,6504
2025/04/22 14:47:38,6505
2025/04/26 02:48:00,6525
2025/04/26 17:53:44,6526
2025/04/29 16:21:08,6543
2025/05/05 12:57:47,6586
2025/05/07 01:07:20,6591
2025/05/09 14:53:44,6605
2025/05/10 13:13:27,6607
2025/05/11 23:28:49,6613
2025/05/15 19:09:47,6633
2025/05/16 13:09:59,6634
2025/05/17 20:20:27,6636
2025/05/18 17:40:46,6639
2025/05/19 14:28:41,6641
2025/05/20 14:31:43,6644
2025/05/20 20:17:45,6645
2025/05/22 00:01:25,6648
2025/05/22 00:16:00,6649
2025/05/26 13:18:09,6686
2025/05/26 19:59:36,6691
2025/05/27 21:35:13,6693
2025/05/28 12:38:16,6695
