2025/03/23 11:54:07,5253
2025/03/23 12:39:36,5282
2025/03/23 12:54:44,5368
2025/03/23 17:05:26,5404
2025/03/23 21:44:24,5410
2025/03/24 14:10:16,5414
2025/03/24 14:18:53,5415
2025/03/24 23:45:51,5416
2025/03/25 15:24:06,122
2025/03/25 15:34:06,136
2025/03/25 16:24:45,5420
2025/03/25 21:30:35,5442
2025/03/26 14:22:12,5446
2025/03/26 14:25:13,5448
2025/03/26 14:32:27,5452
2025/03/28 21:34:23,5462
2025/03/28 21:37:07,5465
2025/03/29 19:50:06,5466
2025/03/30 02:04:06,5499
2025/03/30 03:17:18,5518
2025/03/30 14:37:07,5527
2025/03/30 22:31:01,5579
2025/03/31 01:36:28,5580
2025/03/31 18:16:45,5583
2025/04/01 01:02:43,5586
2025/04/01 19:24:11,5589
2025/04/01 22:55:33,5649
2025/04/02 17:48:03,5653
2025/04/04 18:47:54,5659
2025/04/07 18:44:29,5674
2025/04/10 01:21:03,5733
2025/04/13 02:29:48,5750
2025/04/13 02:33:32,5763
2025/04/15 19:18:54,5794
2025/04/18 13:22:08,5798
2025/04/21 19:37:57,5801
2025/04/26 17:53:44,5805
2025/04/26 19:37:13,5806
2025/04/29 16:21:08,5864
2025/05/05 12:57:47,5882
2025/05/07 01:07:20,5884
2025/05/09 14:53:44,5888
2025/05/10 13:13:27,5889
2025/05/10 13:52:51,5890
2025/05/11 23:28:49,5892
2025/05/19 20:42:00,5911
2025/05/26 13:18:09,5913
2025/06/07 23:50:02,5918
2025/06/19 23:24:17,5945
2025/06/28 14:42:18,5949
